{
  "null": [],
  "fg-ramp3.png": [
    {
      "h": 64,
      "inPrefix": false,
      "name": "Geometry",
      "options": {
        "geomData": {
          "maxX": 2391,
          "maxY": 896,
          "minX": 2328,
          "minY": 832,
          "radius": 89.80534505250787,
          "xC": 2359.5,
          "xPoints": [
            -31.5,
            -27.5,
            -23.5,
            -13.5,
            -0.5,
            17.5,
            31.5
          ],
          "yC": 864,
          "yPoints": [
            -32,
            -11,
            -2,
            12,
            24,
            31,
            32
          ]
        }
      },
      "radius": 179.61069010501575,
      "rot": 0,
      "w": 63,
      "x": 0,
      "xc": 31.5,
      "y": 0,
      "yc": 32
    }
  ],
  "fg-ramp4.png": [
    {
      "h": 64,
      "inPrefix": false,
      "name": "Geometry",
      "options": {
        "geomData": {
          "maxX": 1408,
          "maxY": 896,
          "minX": 1344,
          "minY": 832,
          "radius": 90.50966799187809,
          "xC": 1376,
          "xPoints": [
            -32,
            -18,
            -7,
            1,
            8,
            15,
            19,
            24,
            28,
            30,
            31,
            32
          ],
          "yC": 864,
          "yPoints": [
            32,
            30,
            27,
            23,
            18,
            12,
            6,
            -1,
            -9,
            -16,
            -25,
            -32
          ]
        }
      },
      "radius": 181.01933598375618,
      "rot": 0,
      "w": 64,
      "x": 0,
      "xc": 32,
      "y": 0,
      "yc": 32
    }
  ],
  "fg-pat0-bot-a.png": [
    {
      "h": 128,
      "inPrefix": false,
      "name": "Geometry",
      "options": {
        "geomData": {
          "maxX": 1360,
          "maxY": 480,
          "minX": 1232,
          "minY": 352,
          "radius": 181.01933598375618,
          "xC": 1296,
          "xPoints": [
            -64,
            -64,
            0,
            8,
            40,
            64,
            64,
            -64
          ],
          "yC": 416,
          "yPoints": [
            -64,
            64,
            64,
            48,
            48,
            64,
            -64,
            -64
          ]
        }
      },
      "radius": 362.03867196751236,
      "rot": 0,
      "w": 128,
      "x": 0,
      "xc": 64,
      "y": 0,
      "yc": 64
    }
  ],
  "fg-pat0-top-a.png": [
    {
      "h": 128,
      "inPrefix": false,
      "name": "Geometry",
      "options": {
        "geomData": {
          "maxX": 1376,
          "maxY": 512,
          "minX": 1248,
          "minY": 384,
          "radius": 181.01933598375618,
          "xC": 1312,
          "xPoints": [
            -64,
            64,
            64,
            -64,
            -64
          ],
          "yC": 448,
          "yPoints": [
            -64,
            -64,
            64,
            64,
            -64
          ]
        }
      },
      "radius": 362.03867196751236,
      "rot": 0,
      "w": 128,
      "x": 0,
      "xc": 64,
      "y": 0,
      "yc": 64
    }
  ],
  "fg-pat0.jpg": [
    {
      "h": 128,
      "inPrefix": false,
      "name": "Geometry",
      "options": {
        "geomData": {
          "maxX": 1376,
          "maxY": 512,
          "minX": 1248,
          "minY": 384,
          "radius": 181.01933598375618,
          "xC": 1312,
          "xPoints": [
            -64,
            64,
            64,
            -64,
            -64
          ],
          "yC": 448,
          "yPoints": [
            -64,
            -64,
            64,
            64,
            -64
          ]
        }
      },
      "radius": 362.03867196751236,
      "rot": 0,
      "w": 128,
      "x": 0,
      "xc": 64,
      "y": 0,
      "yc": 64
    }
  ],
  "fg-ramp1.png": [
    {
      "h": 64,
      "inPrefix": false,
      "name": "Geometry",
      "options": {
        "geomData": {
          "maxX": 2048,
          "maxY": 576,
          "minX": 1984,
          "minY": 512,
          "radius": 90.50966799187809,
          "xC": 2016,
          "xPoints": [
            -32,
            -5,
            12,
            24,
            29,
            32
          ],
          "yC": 544,
          "yPoints": [
            -32,
            -27,
            -14,
            1,
            15,
            32
          ]
        }
      },
      "radius": 181.01933598375618,
      "rot": 0,
      "w": 64,
      "x": 0,
      "xc": 32,
      "y": 0,
      "yc": 32
    }
  ],
  "fg-slope1.png": [
    {
      "h": 76,
      "inPrefix": false,
      "name": "Geometry",
      "options": {
        "geomData": {
          "maxX": 3224,
          "maxY": 460,
          "minX": 2968,
          "minY": 384,
          "radius": 267.04306768759227,
          "xC": 3096,
          "xPoints": [
            -128,
            -106,
            -95,
            -79,
            -68,
            -54,
            -40,
            -34,
            -23,
            -11,
            -1,
            12,
            26,
            43,
            55,
            68,
            82,
            91,
            102,
            112,
            128,
            128,
            98,
            76,
            50,
            14,
            -14,
            -42,
            -72,
            -101,
            -128,
            -128
          ],
          "yC": 422,
          "yPoints": [
            -38,
            -37,
            -36,
            -32,
            -28,
            -22,
            -16,
            -13,
            -9,
            -7,
            -6,
            -5,
            -2,
            4,
            9,
            15,
            21,
            24,
            25,
            26,
            26,
            37,
            38,
            32,
            19,
            8,
            4,
            -4,
            -17,
            -26,
            -27,
            -38
          ]
        }
      },
      "radius": 534.0861353751845,
      "rot": 0,
      "w": 256,
      "x": 0,
      "xc": 128,
      "y": 0,
      "yc": 38
    }
  ],
  "fg-ramp2.png": [
    {
      "h": 64,
      "inPrefix": false,
      "name": "Geometry",
      "options": {
        "geomData": {
          "maxX": 3800,
          "maxY": 384,
          "minX": 3736,
          "minY": 320,
          "radius": 90.50966799187809,
          "xC": 3768,
          "xPoints": [
            -32,
            -31,
            -27,
            -23,
            -18,
            -12,
            -5,
            1,
            11,
            17,
            32
          ],
          "yC": 352,
          "yPoints": [
            32,
            19,
            8,
            0,
            -7,
            -14,
            -19,
            -24,
            -28,
            -30,
            -32
          ]
        }
      },
      "radius": 181.01933598375618,
      "rot": 0,
      "w": 64,
      "x": 0,
      "xc": 32,
      "y": 0,
      "yc": 32
    }
  ],
  "fg-plat0.png": [
    {
      "h": 36,
      "inPrefix": false,
      "name": "Geometry",
      "options": {
        "geomData": {
          "maxX": 3918,
          "maxY": 244,
          "minX": 3811,
          "minY": 208,
          "radius": 112.89375536317321,
          "xC": 3864.5,
          "xPoints": [
            -53.5,
            -19.5,
            30.5,
            53.5,
            12.5,
            -52.5
          ],
          "yC": 226,
          "yPoints": [
            -15,
            -18,
            -18,
            -18,
            18,
            -14
          ]
        }
      },
      "radius": 225.78751072634643,
      "rot": 0,
      "w": 107,
      "x": 3,
      "xc": 56.5,
      "y": 8,
      "yc": 26
    }
  ]
}